<?xml version="1.0" encoding="UTF-8" standalone="no"?>
<!DOCTYPE properties SYSTEM "http://eq2online.net/dtd/properties.dtd">
<properties>
    <comment>Shared variables store for mod_Macros</comment>
    <entry key="#d">6</entry>
    <entry key="#c">6</entry>
    <entry key="#b">4</entry>
    <entry key="#a">6</entry>
    <entry key="cav">0</entry>
    <entry key="esc">0</entry>
    <entry key="wating_for_ping">0</entry>
    <entry key="neth3">0</entry>
    <entry key="ping_received">0</entry>
    <entry key="waiting_for_ping">1</entry>
</properties>
