<?xml version="1.0" encoding="UTF-8" standalone="no"?>
<!--                                                                                    --><!-- GUI layout configuration for mod_macros. Do not edit this file by hand, unless you --><!-- want to, in which case go ahead. But don't blame me if it formats your hard drive. --><!--                                                                                    --><gui xmlns:gb="http://eq2online.net/macros/guibinding" xmlns:gc="http://eq2online.net/macros/guiconfiguration">
    <!-- GUI slot bindings -->
    <gb:bindings>
        <gb:binding slot="inchat">inchat</gb:binding>
        <gb:binding slot="playback">default</gb:binding>
        <gb:binding slot="scoreboard">ingame</gb:binding>
        <gb:binding slot="ingame">ingame</gb:binding>
        <gb:binding slot="indebug">ingame</gb:binding>
    </gb:bindings>
    <!-- Config for layout 'default' -->
    <gc:guilayout columns="6" display="default" dots="false" grid="false" name="default" padding="2" rows="10">
        <gc:controls/>
    </gc:guilayout>
    <!-- Config for layout 'inchat' -->
    <gc:guilayout columns="13" display="inchat" dots="false" grid="false" name="inchat" padding="2" rows="17">
        <gc:controls>
            <gc:button id="257" name="/login 1" x="0" y="0">
                <background>#B0000000</background>
                <colour>#01000000</colour>
                <hide>0</hide>
                <sticky>0</sticky>
                <text>&amp;b/login &amp;81</text>
                <visible>1</visible>
            </gc:button>
            <gc:button id="258" name="/login 2" x="0" y="1">
                <background>#B0000000</background>
                <colour>#01020202</colour>
                <hide>0</hide>
                <sticky>0</sticky>
                <text>&amp;b/login &amp;82</text>
                <visible>1</visible>
            </gc:button>
            <gc:button id="260" name="DesativarChat" x="9" y="16">
                <background>#B0000000</background>
                <colour>#01000000</colour>
                <hide>0</hide>
                <sticky>0</sticky>
                <text>&amp;8[&amp;bDesativar Chat&amp;8]</text>
                <visible>1</visible>
            </gc:button>
            <gc:button id="261" name="Contagem" x="11" y="16">
                <background>#B0000000</background>
                <colour>#01000000</colour>
                <hide>0</hide>
                <sticky>0</sticky>
                <text>&amp;8[&amp;bContagem&amp;8]</text>
                <visible>1</visible>
            </gc:button>
            <gc:button id="262" name="/Login 3" x="0" y="2">
                <background>#B0000000</background>
                <colour>#01000000</colour>
                <hide>0</hide>
                <sticky>0</sticky>
                <text>&amp;b/login &amp;83</text>
                <visible>1</visible>
            </gc:button>
            <gc:button id="263" name="/login 4" x="1" y="0">
                <background>#B0000000</background>
                <colour>#01000000</colour>
                <hide>0</hide>
                <sticky>0</sticky>
                <text>&amp;b/Login &amp;84</text>
                <visible>1</visible>
            </gc:button>
            <gc:button id="264" name="/login 5" x="1" y="1">
                <background>#B0000000</background>
                <colour>#01000000</colour>
                <hide>0</hide>
                <sticky>0</sticky>
                <text>&amp;b/Login &amp;85</text>
                <visible>1</visible>
            </gc:button>
            <gc:button id="265" name="&amp;1&amp;oLimpar Chat" x="10" y="16">
                <background>#B0000000</background>
                <colour>#01000000</colour>
                <hide>0</hide>
                <sticky>0</sticky>
                <text>&amp;8[&amp;bLimpar Chat&amp;8]</text>
                <visible>1</visible>
            </gc:button>
            <gc:button id="266" name="/login 6" x="1" y="2">
                <background>#B0000000</background>
                <colour>#01000000</colour>
                <hide>0</hide>
                <sticky>0</sticky>
                <text>&amp;b/Login &amp;86</text>
                <visible>1</visible>
            </gc:button>
            <gc:button id="267" name="Lanterna" x="12" y="16">
                <background>#B0000000</background>
                <colour>#01000000</colour>
                <hide>0</hide>
                <sticky>0</sticky>
                <text>&amp;8[&amp;bLanterna&amp;8]</text>
                <visible>1</visible>
            </gc:button>
        </gc:controls>
    </gc:guilayout>
    <!-- Config for layout 'ingame' -->
    <gc:guilayout columns="15" display="ingame" dots="false" grid="false" name="ingame" padding="2" rows="29">
        <gc:controls>
            <gc:label id="259" name="EdBobb_HR" x="0" y="12">
                <align>top left</align>
                <background>#01000000</background>
                <binding>EdBobb_HR</binding>
                <colour>#01000000</colour>
                <shadow>1</shadow>
                <text>&amp;7[&amp;bHorário&amp;7] &amp;b01:19:26</text>
                <visible>1</visible>
            </gc:label>
            <gc:label id="268" name="EdBobb_OP" x="0" y="11">
                <align>top left</align>
                <background>#01000000</background>
                <binding>EdBobb_OP</binding>
                <colour>#01000000</colour>
                <shadow>1</shadow>
                <text>&amp;7[&amp;bPlayers&amp;7] &amp;b1</text>
                <visible>1</visible>
            </gc:label>
            <gc:label id="269" name="HEALTH" x="0" y="9">
                <align>top left</align>
                <background>#01000000</background>
                <binding>HEALTH</binding>
                <colour>#01000000</colour>
                <shadow>1</shadow>
                <text>&amp;7[&amp;bLife&amp;7] &amp;b%%</text>
                <visible>1</visible>
            </gc:label>
            <gc:label id="270" name="EdBobb_PLAYER" x="0" y="10">
                <align>top left</align>
                <background>#01000000</background>
                <binding>EdBobb_PLAYER</binding>
                <colour>#01000000</colour>
                <shadow>1</shadow>
                <text>&amp;7[&amp;bNick&amp;7] &amp;bKawaiiUnion</text>
                <visible>1</visible>
            </gc:label>
            <gc:label id="271" name="Mystic" x="0" y="7">
                <align>top left</align>
                <background>#01000000</background>
                <binding>Mystic</binding>
                <colour>#00FF00</colour>
                <shadow>1</shadow>
                <text>&amp;7[&amp;bModPack MysticCraft&amp;7]</text>
                <visible>1</visible>
            </gc:label>
            <gc:label id="272" name="EdBobb_FPS" x="0" y="8">
                <align>top left</align>
                <background>#01000000</background>
                <binding>EdBobb_FPS</binding>
                <colour>#01000000</colour>
                <shadow>1</shadow>
                <text>&amp;7[&amp;bFPS&amp;7] &amp;b119</text>
                <visible>1</visible>
            </gc:label>
            <gc:label id="273" name="HITNAME" x="0" y="13">
                <align>top left</align>
                <background>#01000000</background>
                <binding>HITNAME</binding>
                <colour>#00FF00</colour>
                <shadow>1</shadow>
                <text>&amp;7[&amp;bHIT&amp;7] &amp;b%% </text>
                <visible>1</visible>
            </gc:label>
        </gc:controls>
    </gc:guilayout>
</gui>
