<?xml version="1.0" encoding="UTF-8" standalone="no"?>
<variables>
    <config name="@default">
        <!-- KEY_0 -->
        <template id="11">
            <boolean key="intel">1</boolean>
            <int key="var">2</int>
        </template>
        <!-- CONTROL_&1&OLIMPAR CHAT -->
        <template id="265">
            <boolean key="chat">1</boolean>
        </template>
        <!-- CONTROL_LANTERNA -->
        <template id="267">
            <boolean key="gamma">1</boolean>
        </template>
    </config>
</variables>
